{"NN": [[198074.77161957897, 0.28032636642456055, 38.997615366600854]], "2opt": [[206741.4418298831, 0.25756096839904785, 45.07939187226643]], "SA": [[193787.49865633517, 0.280759334564209, 35.989050906604376]], "TS": [[180135.14337491896, 4.877119779586792, 26.408604024155963]], "NN2opt": [[194561.87945921565, 0.46941256523132324, 36.53246733518816]], "NNSA": [[197727.144629603, 0.17137932777404785, 38.75367050553328]], "NNTS": [[183553.2175815267, 3.634237289428711, 28.80721420545177]]}